SNP ID,P-value,Chr ID,Chr Position,Submitted SNP ID,Allele1,Allele2,pHWE (case),pHWE (control),Call rate (case),Call rate (control),Odds ratio
rs6549198,0.4059157,3,69362958,ss67470305,A,G,0.6186,0.8746,0.999126638,0.99737303,0.9217
rs13066342,0.3738323,3,69369295,ss67055138,C,A,0.894,0.2215,0.983406114,0.991243433,1.134
rs12152436,0.2996095,3,69370395,ss66986565,C,T,0.5629,0.791,1,1,1.0543
rs6549200,0.5715863,3,69373073,ss67470307,T,G,1,1,1,1,0.8855
rs4855388,0.5675418,3,69375654,ss67388388,C,T,0.7863,0.6156,1,1,0.9114
rs2170800,0.6282709,3,69383012,ss67230349,A,G,0.3954,0.6674,1,1,1.038
rs9820308,0.5007564,3,69383810,ss67948201,T,G,1,0.9,1,0.999124343,0.9119
rs4428187,0.9449147,3,69401247,ss67335454,A,G,0.9485,0.746,0.999126638,1,0.9838
rs17350402,0.5233088,3,69401497,ss67184486,A,G,0.8226,0.2588,1,0.999124343,0.9563
rs767285,0.7148279,3,69402085,ss67815860,A,G,0.9503,0.4876,0.998253275,1,1.0754
rs1843050,0.6488192,3,69403917,ss67198965,C,T,1,0.9406,1,0.999124343,0.9455
rs2008239,0.4540903,3,69406468,ss67214894,G,A,0.8501,1,1,1,0.8687
rs881031,0.4883628,3,69406855,ss67886290,G,A,0.6003,0.0663,1,1,0.9973
rs6549208,0.9444325,3,69412133,ss67470309,T,G,0.8168,0.9392,0.99650655,0.999124343,0.9794
rs17005675,0.5034992,3,69413673,ss67165935,A,G,0.9082,0.0868,0.999126638,1,0.93
rs17005687,0.4804638,3,69413991,ss67165937,C,T,0.9082,0.0694,0.99650655,0.99737303,0.927
rs4855394,0.5825911,3,69418611,ss67388390,A,G,1,0.1683,0.9930131,0.990367776,0.9306
rs7635662,0.4742306,3,69421494,ss67810460,T,C,0.7653,0.1515,0.999126638,1,0.9094
rs9985338,0.3906471,3,69422341,ss67967093,T,C,0.42,1,0.99650655,0.993870403,0.939
rs9985329,0.3706606,3,69422395,ss67967091,A,G,0.0597,1,0.999126638,1,1.0644
rs2200247,0.6927875,3,69430006,ss67233153,T,C,0.4941,0.2149,1,0.999124343,1.0152
rs7610842,0.4850159,3,69430609,ss67806510,G,T,0.4581,0.7596,0.999126638,0.998248687,0.9818
rs6783676,0.4463799,3,69436268,ss67498775,G,A,0.9054,0.1078,0.999126638,1,1.1257
rs981054,0.6745403,3,69437170,ss67946995,A,C,0.2659,0.6093,1,1,1.036
rs17353064,0.9453747,3,69450647,ss67184533,C,T,0.7964,0.7939,0.987772926,0.990367776,1.0164
rs11128129,0.5097219,3,69454009,ss66922285,C,T,0.7009,0.5136,0.999126638,1,1.088
rs4855311,0.9332405,3,69456913,ss67388380,A,G,0.2208,0.3732,1,1,0.9983
rs9846189,0.9316534,3,69459392,ss67951499,A,G,0.2216,0.4122,1,0.999124343,0.9921
rs7616625,0.5313994,3,69462295,ss67807476,G,T,0.4854,0.4378,0.999126638,0.999124343,1.0765
rs4855312,0.9343052,3,69463210,ss67388382,T,C,0.2216,0.3371,1,0.998248687,1.0069
rs4855403,0.9716196,3,69463559,ss67388392,T,C,0.2496,0.3064,1,0.999124343,1.0043
rs12492375,0.4922229,3,69474501,ss67012614,C,T,0.9444,0.4121,1,1,0.9829
rs7625432,0.9369934,3,69477219,ss67808864,C,T,0.4157,0.6823,0.993886463,0.995621716,0.9965
rs9831196,0.8068733,3,69481037,ss67949677,T,C,0.1988,0.6847,1,1,0.9612
rs4855405,0.6189329,3,69482756,ss67388394,C,T,0.7051,0.4051,1,1,1.0831
rs6795389,0.8964807,3,69483945,ss67500542,A,G,0.2504,0.6358,1,1,0.9675
rs6762603,0.4916433,3,69490080,ss67495644,G,A,0.7804,0.4115,1,0.998248687,0.9948
rs4303865,0.6018082,3,69500830,ss67325263,T,C,0.1312,0.8913,1,1,0.9323
rs4855407,0.6276475,3,69501852,ss67388396,C,A,0.6192,0.4128,0.999126638,1,1.0763
rs17005917,0.45332,3,69502747,ss67165957,C,T,0.9444,0.2168,1,0.999124343,1.0125
rs9843168,0.0075464,3,69513197,ss67951107,C,T,0.0869,0.1126,1,1,1.3132
rs1001498,0.2701598,3,69516319,ss66864487,T,C,0.2075,1,1,0.998248687,0.987
rs1498839,0.99211,3,69516936,ss67118724,T,C,0.8817,0.9408,1,1,1.0046
rs6792118,0.2077942,3,69518012,ss67500020,A,C,0.0576,0.9057,1,1,1.0562
rs10510980,0.7036112,3,69520887,ss66892686,C,T,0.5042,0.9134,0.997379913,0.999124343,0.9277
rs1498835,0.2561246,3,69522161,ss67118722,G,A,0.1083,0.7215,0.993886463,0.992119089,1.0623
rs9869412,0.7485186,3,69523978,ss67954429,C,T,0.5148,0.4573,1,1,0.9375
rs4078260,0.2677428,1,36980803,ss67314157,T,C,0.2594,1,0.999126638,1,1.0689
rs11804163,0.1089247,1,36984733,ss66958462,C,T,0.0375,0.8847,1,0.998248687,0.8139
rs7515998,0.0251721,1,36986142,ss67584461,C,T,0.0006,0.6923,1,1,0.8141
rs7530283,0.5260813,1,36986517,ss67586389,A,G,0.738,0.3428,1,0.999124343,1.1007
rs6425991,0.0798532,1,36988600,ss67451631,G,A,0.0157,1,0.95720524,0.963222417,0.7952
rs4462101,0.1259259,1,36989639,ss67338160,G,A,0.2567,0.6177,0.999126638,1,1.0897
rs6659894,0.7095758,1,36991284,ss67481875,C,T,0.859,0.173,1,1,0.9289
rs11584405,0.5578043,1,36994378,ss66932961,C,T,0.2147,0.8351,1,1,0.9573
rs7526895,0.5557242,1,37000089,ss67585909,C,T,0.0166,0.3461,1,1,0.9401
rs4503315,0.174564,1,37000225,ss67341348,G,T,0.2834,0.1526,0.999126638,1,0.8726
rs4074399,0.4037077,1,37000432,ss67313747,T,C,0.4063,0.5634,0.99650655,0.99737303,0.8779
rs17498436,0.5159539,1,37003272,ss67187365,C,T,0.0278,0.486,1,1,0.9621
rs3924538,0.5833128,1,37005755,ss67311596,G,T,0.7324,0.0752,0.998253275,0.998248687,1.0645
rs11263909,0.7238754,1,37006176,ss66929953,T,C,0.4372,0.7007,1,1,0.9376
rs11582034,0.5673024,1,37007809,ss66932699,G,A,0.2821,0.4281,1,1,1.1275
rs12726247,0.8877733,1,37007986,ss67036340,A,G,0.744,0.6768,1,1,1.0398
rs10796886,0.849999,1,37014810,ss66900695,C,T,0.3055,0.2026,1,1,0.9872
rs11263915,0.5829435,1,37019555,ss66929954,G,A,0.1188,0.901,1,1,0.9177
rs4026414,0.4322832,1,37022309,ss67313061,A,G,0.4783,0.2865,0.999126638,1,0.9265
rs16823188,0.1434339,1,37023790,ss67146774,C,T,0.1172,0.7824,1,1,0.962
rs4026409,0.2649273,1,37033127,ss67313059,C,T,0.1827,0.9234,1,1,0.9387
rs6698957,0.5258932,1,37035587,ss67486388,G,A,0.4261,1,1,1,0.9475
rs7540413,0.2008357,1,37040373,ss67587589,T,C,0.1598,0.7357,1,0.999124343,0.9782
rs4653197,0.5412986,1,37041068,ss67353383,C,T,0.3357,0.8005,0.999126638,1,0.9543
rs7538665,0.4628983,1,37043893,ss67587345,C,T,0.1683,1,0.999126638,1,1.0009
rs12409675,0.2726666,1,37049343,ss67003501,T,C,0.3036,0.4011,1,1,0.8659
rs4653207,0.728369,1,37063920,ss67353385,A,G,0.7673,0.1236,1,1,0.9347
rs4653208,0.1267094,1,37064195,ss67353387,C,T,0.6067,0.045,1,1,0.8733
rs1022629,0.5635899,1,37073450,ss66877055,A,G,0.5484,0.1028,1,0.999124343,1.0036
rs4653210,0.9301964,1,37074350,ss67353389,T,G,1,0.7747,0.997379913,0.99737303,0.978
rs7533162,0.5610547,1,37084521,ss67586753,G,A,0.3164,0.7992,1,0.999124343,0.9829
rs743015,0.8867774,1,37093820,ss67578188,G,A,0.9,0.9492,1,0.998248687,1.0309
rs1474850,0.7783118,1,37096183,ss67113228,A,C,0.8418,0.946,0.999126638,1,1.0357
rs6702202,0.7303234,1,37096593,ss67486807,G,A,1,0.7322,0.999126638,0.999124343,1.0644
rs12719989,0.6048598,1,37114101,ss67036100,C,T,0.947,0.7325,0.999126638,1,1.077
rs219002,0.8610574,1,37126511,ss67232160,A,G,0.8465,0.7929,0.999126638,1,1.0322
rs743012,0.6772962,1,37136669,ss67578186,G,A,0.4176,0.3985,0.999126638,1,1.0618
rs218990,0.5349635,1,37136761,ss67232143,G,T,0.5989,0.384,1,1,0.978
rs535175,0.3931868,1,37154992,ss67414594,T,C,0.6618,0.5949,0.99650655,0.998248687,1.0881
rs2135592,0.155594,1,37157944,ss67227235,G,A,0.0538,0.6441,0.999126638,1,1.022
rs4652921,0.6926291,1,37174772,ss67353321,A,G,0.93,1,0.999126638,1,1.0481
rs1395455,0.7364665,1,37185189,ss67094479,G,A,0.4946,1,1,0.999124343,1.0056
rs12059346,0.9286324,1,37186173,ss66979317,T,C,0.6943,0.8483,1,1,0.9749
rs906228,0.6885022,1,37189159,ss67892000,A,C,0.8052,0.8642,0.999126638,0.998248687,1.0606
rs906227,0.7273616,1,37189395,ss67891998,T,C,0.7414,0.7983,1,0.999124343,1.0588
rs12123067,0.1336088,1,37196957,ss66983591,A,G,0.0355,0.6724,1,1,0.8976
rs7549591,0.4454984,1,37198351,ss67797035,T,C,0.5892,0.729,1,1,1.0208
rs7545247,0.0703985,1,37202096,ss67588281,T,C,0.0608,0.3909,1,0.998248687,0.9124
rs502808,0.3465572,1,37212616,ss67410426,G,A,0.2167,0.9435,0.998253275,0.998248687,1.0085
rs539335,0.3248315,1,37220392,ss67415156,C,A,0.1197,1,0.998253275,0.999124343,0.9834
rs525798,0.2309685,1,37240885,ss67413400,G,T,0.2304,0.865,1,0.998248687,1.0487
rs11801494,0.8441439,1,37250087,ss66958284,C,T,1,0.4524,0.999126638,1,0.9612
rs537958,0.1917421,1,37254300,ss67414968,G,A,0.0517,0.8426,0.999126638,1,0.949
rs528137,0.258602,1,37280784,ss67413684,C,T,0.1734,0.5108,1,1,0.8766
rs517176,0.1414236,1,37295407,ss67412300,T,C,0.2148,0.3394,1,1,0.8409
rs484017,0.5890536,1,37303736,ss67385792,T,C,0.3162,0.9148,1,1,0.9073
rs553882,0.4511047,1,37307280,ss67416990,G,T,0.2624,1,1,1,0.8888
rs547390,0.5583762,1,37317441,ss67416162,A,G,0.4342,1,1,1,0.9031
rs904896,0.3752363,1,37320966,ss67891744,T,G,0.3456,0.3423,1,1,0.9371
rs3738081,0.3877934,1,37324682,ss67298093,A,C,0.8197,0.1816,0.99650655,0.99737303,0.8878
rs477968,0.0391268,1,37334423,ss67375151,A,G,0.4001,0.0096,1,1,1.0423
rs294474,0.6781132,5,58757746,ss67284479,A,G,0.0807,0.3872,0.999126638,0.998248687,1.0027
rs992726,0.0431169,5,58757819,ss67960889,A,G,0.1198,0.1094,0.977292576,0.973730298,1.0707
rs10514863,0.0239333,5,58769137,ss66893925,T,C,0.0977,0.0439,0.999126638,1,1.1303
rs6871710,0.5714891,5,58770560,ss67510593,T,G,0.2838,1,0.998253275,0.998248687,1.0418
rs16889904,0.0935239,5,58782839,ss67153983,C,T,0.5381,0.0792,1,1,1.2045
rs17796734,0.2391866,5,58783342,ss67194716,A,G,0.1274,0.4371,0.998253275,1,1.0868
rs10514862,0.7909868,5,58797571,ss66893924,G,A,0.244,0.0565,1,1,0.9848
rs4551023,0.0005739,5,58801290,ss67345223,C,T,0.883,0.0141,0.999126638,1,1.406
rs12186707,0.0073229,5,58804378,ss66988229,G,A,0.7923,0.6609,0.990393013,0.992994746,0.7488
rs4326095,0.0006263,5,58804536,ss67327073,G,A,0.7118,0.0139,0.986899563,0.988616462,1.4084
rs6450521,0.3596838,5,58810365,ss67455609,T,C,0.7674,0.9527,0.999126638,1,1.1043
rs7717802,0.0107854,5,58811622,ss67821966,G,A,1,0.2874,0.99650655,0.99737303,1.2564
rs16889921,0.8372296,5,58813030,ss67153991,C,T,0.0561,0.0194,0.974672489,0.987740806,1.0113
rs7712329,0.0029138,5,58815659,ss67821192,C,T,1,0.0606,1,1,1.3263
rs7728286,0.0020641,5,58818721,ss67823328,C,T,0.8444,0.0491,0.992139738,0.988616462,1.3494
rs1876209,0.3273259,5,58829776,ss67202123,G,A,0.8217,0.829,0.998253275,0.999124343,0.9277
rs37576,0.5211063,5,58830144,ss67300153,C,T,0.582,0.6877,0.998253275,1,0.9226
rs291122,0.005188,5,58831871,ss67282771,T,C,0.4974,0.2478,1,1,0.9041
rs37574,0.0303629,5,58832868,ss67300133,G,T,0.1997,0.719,0.9930131,0.996497373,0.9513
rs159195,0.0228318,5,58834032,ss67139770,A,C,0.2186,0.5182,1,0.999124343,0.9123
rs1870077,0.010918,5,58834851,ss67201344,A,G,1,0.0693,0.998253275,0.999124343,1.3001
rs40216,0.0159465,5,58836949,ss67313020,A,G,0.6993,0.2685,0.998253275,0.995621716,1.28
rs7733296,0.0049218,5,58838137,ss67823910,T,C,0.2917,0.5076,1,1,1.3398
rs702543,0.0975461,5,58842773,ss67531413,C,T,0.0734,0.2129,0.999126638,0.999124343,1.1999
rs294482,0.7753486,5,58845914,ss67284485,T,G,0.5757,0.8252,0.9930131,0.999124343,1.0103
rs294478,0.8998167,5,58849393,ss67284482,T,G,0.8775,1,1,1,1.0503
rs37579,0.082447,5,58853771,ss67300170,T,C,0.4446,0.1893,0.999126638,1,0.9747
rs172362,0.300528,5,58856908,ss67181915,A,C,0.7583,0.0207,0.997379913,0.999124343,1.1185
rs1395337,0.0243967,5,58862841,ss67094445,G,A,0.1653,0.0301,1,1,1.0595
rs294498,0.3616744,5,58876949,ss67284487,T,C,0.5721,0.1962,0.999126638,1,1.0305
rs10514859,0.2659142,5,58879821,ss66893923,C,A,0.5834,0.6259,0.999126638,1,0.8422
rs295943,0.3195587,5,58886872,ss67285217,C,T,0.1602,0.8687,0.999126638,1,1.1401
rs296410,0.0498782,5,58902232,ss67285553,T,C,0.6777,0.0029,0.990393013,0.992119089,1.2284
rs17380508,0.1154595,5,58905768,ss67185114,C,T,0.2702,0.0061,1,1,1.2548
rs12520633,0.3772276,5,58907591,ss67015648,A,G,0.7116,0.7422,1,1,0.8595
rs298014,0.8850504,5,58912391,ss67286639,C,T,0.4673,0.7677,1,0.999124343,1.0458
rs298045,0.259442,5,58923600,ss67286651,C,T,0.4123,0.7251,1,1,1.1112
rs298034,0.2163251,5,58936942,ss67286646,G,A,0.4592,0.7909,0.999126638,0.999124343,1.1171
rs6863462,0.7728192,5,58940033,ss67509578,T,C,0.9005,0.4898,1,1,0.9779
rs298026,0.0106117,5,58941210,ss67286645,G,T,0.1833,0.1393,0.999126638,0.999124343,1
rs1482094,0.9458477,4,86650018,ss67115068,T,C,0.4883,0.6303,1,1,0.9711
rs7660702,0.9218609,4,86651463,ss67814178,T,C,0.4885,0.6802,0.999126638,0.998248687,0.9652
rs1482091,0.7795887,4,86653360,ss67115066,G,A,1,0.8657,1,1,1.0796
rs994285,0.9519995,4,86659113,ss67962615,G,T,0.4893,0.631,1,1,0.9725
rs343853,0.0959625,4,86661170,ss67295144,G,T,0.2448,0.3043,1,1,0.7976
rs13106553,0.7371691,4,86669761,ss67057640,G,A,1,0.3865,1,1,0.9617
rs12507272,0.3681258,4,86673887,ss67014226,T,C,0.7172,0.218,0.998253275,0.992119089,0.8863
rs6848047,0.7997674,4,86675724,ss67507478,C,T,0.2553,0.6775,1,1,1.0037
rs4693735,0.9876596,4,86677106,ss67360351,T,C,0.4344,0.3059,0.962445415,0.972854641,0.9844
rs1966862,0.7631364,4,86688060,ss67211233,A,G,1,0.4626,0.997379913,1,0.9496
rs6831420,0.8877865,4,86692664,ss67505483,G,A,0.6162,1,1,1,0.9583
rs10516756,0.5424568,4,86703975,ss66894495,T,C,0.3957,0.6668,0.999126638,1,1.0827
rs7670874,0.139832,4,86704338,ss67815594,C,A,0.7244,0.031,0.987772926,0.992994746,1.171
rs10516758,0.7642111,4,86706901,ss66894496,C,T,0.6554,0.8875,1,1,0.9296
rs7662174,0.9585688,4,86709898,ss67814388,T,G,0.6858,0.7372,1,1,0.9835
rs1869238,0.8184992,4,86711924,ss67201243,C,A,0.496,0.2804,1,1,1.0565
rs17010925,0.1078136,4,86713123,ss67166573,G,T,0.1826,0.2262,1,1,0.9928
rs958800,0.8202341,4,86714298,ss67934163,C,T,0.4493,0.2474,1,1,1.0562
rs17399707,0.7720311,4,86716477,ss67185492,C,T,0.8453,0.2968,1,1,0.9878
rs12710823,0.1317793,4,86718849,ss67035390,A,G,0.7065,0.3834,0.997379913,0.99737303,0.9211
rs7699404,0.9510896,4,86720837,ss67819488,T,C,0.9524,0.7656,0.9930131,0.995621716,
rs13200025,0.2428635,6,163706212,ss67063889,C,T,0.6365,0.2605,1,0.999124343,1.1823
rs12525605,0.4802142,6,163708337,ss67016216,G,A,0.7728,0.8542,1,0.998248687,0.9475
rs9347735,0.1384379,6,163714451,ss67907917,A,G,0.6193,0.0256,1,1,1.0806
rs12055671,0.4566325,6,163718868,ss66978989,T,C,0.7201,0.2531,0.999126638,0.999124343,1.117
rs6927758,0.4149832,6,163719114,ss67517474,C,T,0.6329,0.3049,0.999126638,0.998248687,1.1148
rs742333,0.3653536,6,163719618,ss67577662,T,C,0.6317,0.3963,1,0.999124343,1.1429
rs6455889,0.8920262,6,163719876,ss67456376,T,C,0.7903,0.3886,0.999126638,0.999124343,0.9709
rs12526892,0.2716267,6,163721072,ss67016350,C,T,1,0.1423,1,0.998248687,0.9858
rs9458781,0.0129953,6,163721183,ss67919497,A,G,1,0.0414,0.999126638,1,1.3042
rs6903721,0.2480707,6,163722456,ss67514472,C,T,0.5999,1,1,1,1.1388
rs4709698,0.0662946,6,163722763,ss67362895,T,C,0.8571,0.5933,1,1,0.912
rs7756500,0.2929195,6,163722959,ss67826866,C,A,0.8337,0.499,1,1,0.8767
rs4708987,0.2467094,6,163723915,ss67362773,C,T,0.0377,0.557,0.999126638,0.999124343,0.9776
rs12214680,0.8825778,6,163725843,ss66991171,G,A,0.2395,0.0826,1,0.999124343,1.0196
rs11759691,0.293267,6,163726228,ss66953378,G,T,0.5543,0.5957,1,1,0.868
rs3799339,0.6838881,6,163726425,ss67304363,G,A,0.2849,0.2993,1,0.999124343,0.9424
rs13219328,0.5144506,6,163728992,ss67065287,T,G,0.0827,0.8633,0.999126638,0.999124343,1.0558
rs10945890,0.0771742,6,163730005,ss66911910,T,C,0.6154,0.4877,1,1,0.8587
rs11757855,0.1036739,6,163730333,ss66953174,C,A,1,0.4787,1,1,0.8005
rs4708992,0.5132986,6,163730530,ss67362775,T,C,0.5857,0.7054,0.998253275,0.99737303,0.9088
rs2143069,0.4522603,6,163731036,ss67227825,A,G,0.5473,1,1,1,1.1065
rs10200064,0.7181389,2,119645054,ss66875631,C,A,1,0.6655,1,1,0.9526
rs6742106,0.2796273,2,119650597,ss67492658,G,A,0.8976,0.0638,0.99650655,0.998248687,1.0851
rs10184880,0.7337521,2,119659616,ss66874781,C,T,1,0.6642,1,1,0.9576
rs4849731,0.3903853,2,119661545,ss67387278,G,A,0.2258,0.9337,1,1,0.8842
rs17008406,0.7419342,2,119662038,ss67166283,A,G,0.3906,0.4931,1,1,0.9291
rs4849732,0.5701185,2,119663172,ss67387280,A,G,0.1822,0.8767,1,1,0.8956
rs17008480,0.6790237,2,119664398,ss67166295,C,T,0.1785,0.2583,0.999126638,0.999124343,0.9163
rs1898706,0.6199409,2,119665910,ss67204981,T,G,0.5916,1,1,1,0.8966
rs1898705,0.6274262,2,119665961,ss67204980,G,A,0.5916,0.87,1,1,0.9013
rs12615639,0.9371071,2,119671089,ss67025605,G,T,0.3349,0.223,1,1,0.9804
rs4849735,0.0156745,2,119682510,ss67387282,G,A,0.0262,0.0848,0.998253275,1,1.2386
rs1025736,0.8583678,2,119691954,ss66878739,A,G,0.4092,0.2811,1,1,0.9698
rs12997897,0.0050694,2,119695559,ss67051396,G,A,0.0051,0.1117,1,1,1.2931
rs3806496,0.0191243,2,119698573,ss67305073,G,A,0.0036,0.3734,1,1,1.2242
rs2077344,0.0146319,2,119700095,ss67223111,C,T,0.0311,0.0733,1,1,1.2455
rs1985119,0.808023,2,119710399,ss67212673,T,C,0.6721,0.6872,0.999126638,1,0.9472
rs4491733,0.6202394,2,119718027,ss67340462,A,G,0.4586,0.8727,0.99650655,0.99737303,0.9868
rs17009716,0.863949,2,119725150,ss67166435,C,T,0.77,1,1,1,0.9474
rs2119112,0.863949,2,119725918,ss67225916,G,A,0.77,1,1,1,0.9474
rs4849743,0.8295762,2,119731187,ss67387284,T,C,0.5761,0.6872,0.998253275,1,0.9521
rs11693199,0.066408,2,119732041,ss66945833,T,C,0.0672,0.3228,0.999126638,0.999124343,1.2313
rs1371562,0.2325388,2,119732947,ss67088629,G,T,0.2525,0.5842,0.995633188,0.999124343,1.1759
rs7599352,0.3794347,2,119740289,ss67804712,C,T,0.218,0.9031,0.998253275,0.99737303,1.0063
rs2011839,0.1138799,2,119742583,ss67215181,C,T,0.1173,0.2503,1,1,1.195
rs3731611,0.5417221,2,119742610,ss67297434,G,T,0.9125,0.1591,1,1,1.0246
rs3731612,0.6913239,2,119742864,ss67297435,G,A,0.6243,0.3517,1,1,0.9216
rs17796260,0.8159455,2,119746942,ss67194710,A,G,0.78,0.4244,1,1,0.9374
rs2304708,0.7734616,2,119749476,ss67245198,T,G,0.7042,0.6103,1,1,0.964
rs2191305,0.1604686,7,23723211,ss67232332,C,T,0.8117,0.8129,0.999126638,1,0.8986
rs1558308,0.2272364,7,23736509,ss67133603,C,T,0.5377,0.7073,1,1,1.1662
rs5029444,0.2523304,7,23737794,ss67410486,C,T,0.9529,0.6344,0.998253275,0.998248687,1.0805
rs6974500,0.3590429,7,23744548,ss67523690,C,A,0.9494,0.5161,1,1,1.1231
rs6461727,0.9906754,7,23750521,ss67457284,C,T,0.1146,0.113,0.990393013,0.988616462,1.0124
rs1559012,0.1458279,7,23754914,ss67133803,G,A,0.1109,0.8894,0.999126638,0.999124343,0.9503
rs2058995,0.535473,7,23757259,ss67220580,G,T,0.7133,0.7616,1,1,1.041
rs10950957,0.2279838,7,23763279,ss66912242,A,G,0.2413,0.5039,0.977292576,0.982486865,1.161
rs2112035,0.2988502,7,23772367,ss67225294,G,A,0.5705,1,0.994759825,0.999124343,0.9261
rs10264952,0.069912,7,23775453,ss66879141,G,A,0.2085,0.1021,0.99650655,0.99737303,0.977
rs13246754,0.7841891,7,23777937,ss67067337,G,T,0.1787,0.6898,0.997379913,0.998248687,1.0568
rs11971819,0.0824259,7,23788044,ss66972114,T,C,0.3289,0.7763,1,1,0.922
rs12669134,0.2834737,7,23788549,ss67031351,A,G,0.4794,0.8516,0.998253275,1,1.1518
rs4722266,0.3219128,7,23794028,ss67364924,G,A,0.1802,0.4654,1,1,1.0678
rs10278268,0.4928182,7,23802002,ss66879898,A,G,0.8295,0.4186,1,1,1.0093
rs1469000,0.2583392,7,23810604,ss67111734,T,C,0.3443,0.236,1,0.999124343,1.0816
rs11982297,0.3222755,7,23811323,ss66972870,A,G,0.2507,1,0.985152838,0.982486865,1.1459
rs6461736,0.1352548,7,23821783,ss67457286,A,C,0.5341,0.949,0.995633188,0.995621716,1.166
rs497197,0.4147406,8,12936809,ss67406560,A,G,0.8412,1,1,0.999124343,1.1417
rs486596,0.4211167,8,12942509,ss67389902,A,G,0.6869,1,1,1,1.1404
rs609020,0.854069,8,12948950,ss67442628,G,A,0.8548,0.3601,0.9930131,0.996497373,0.9731
rs561681,0.9025115,8,12951024,ss67418061,A,G,0.6269,0.3296,1,1,0.9921
rs532841,0.7012162,8,12957474,ss67414308,C,T,0.3143,0.6778,1,1,1.0788
rs485673,0.3078624,8,12959768,ss67388610,C,T,0.8289,0.2059,1,0.999124343,1.1525
rs550020,0.6809648,8,12962219,ss67416516,T,C,0.2142,0.6776,1,1,1.0865
rs1372707,0.9982283,8,12966738,ss67088935,A,G,1,0.8907,0.985152838,0.986865149,1.0044
rs2410025,0.4204014,8,12973574,ss67252549,A,C,1,0.4992,1,0.999124343,1.1328
rs12541254,0.7627268,8,12979399,ss67017967,G,A,0.8448,0.5081,1,1,1.0623
rs9325866,0.2328791,8,12980646,ss67906128,T,G,0.4809,0.2149,0.999126638,1,1.1601
rs4831399,0.2328206,8,12986825,ss67384202,A,C,0.7842,0.9427,1,1,1.1107
rs7015031,0.1181479,8,12996383,ss67529988,A,C,0.3957,0.1408,0.952838428,0.956217163,1.1707
rs17126052,0.8468433,8,13000609,ss67178003,A,G,0.2783,0.6945,0.999126638,0.999124343,0.9595
rs10109292,0.7126434,8,13002471,ss66870201,T,C,0.6496,0.1563,1,1,0.9891
rs6981656,0.0972897,8,13002823,ss67524711,A,C,0.0975,0.8213,0.965065502,0.980735552,1.0661
rs1020248,0.4196576,8,13007469,ss66875765,C,T,0.3754,0.1939,1,1,1.1002
rs1442537,0.3157404,8,13010538,ss67105506,A,G,0.1036,0.8098,1,1,0.8749
rs13288647,0.2243146,9,19191446,ss67071159,A,G,0.8334,0.4539,0.987772926,0.982486865,0.866
rs4977286,0.0627139,9,19192693,ss67407360,T,C,0.7506,0.1861,1,0.999124343,1.0492
rs4262389,0.3324036,9,19205995,ss67322005,C,T,0.2975,0.3824,0.999126638,0.998248687,0.9524
rs1967278,0.0866577,9,19207364,ss67211260,G,T,0.7248,0.1759,0.995633188,0.99737303,0.8244
rs433305,0.0172226,9,19209545,ss67327681,T,C,0.937,0.0803,0.993886463,0.992994746,1.118
rs465423,0.5365567,9,19210176,ss67353511,A,G,0.4073,0.7532,1,1,0.9071
rs3802333,0.4133419,9,19232134,ss67304639,C,T,1,0.4372,1,1,0.9715
rs1329731,0.3826317,9,19234907,ss67071801,G,A,0.2859,0.6287,0.986899563,0.984238179,0.8953
rs16937415,0.5025342,9,19236488,ss67158940,A,G,0.617,0.7154,1,1,1.1374
rs4977517,0.9996321,9,19239167,ss67407428,G,A,0.4534,0.4542,1,1,1.0002
rs7027485,0.0601258,9,19244787,ss67531668,A,C,0.7787,0.6705,1,1,0.8713
rs7035784,0.0799909,9,19246289,ss67532745,C,T,0.7806,0.6705,1,1,0.876
rs2383090,0.7156508,9,19247847,ss67250699,A,G,0.1417,0.3326,1,1,1.0755
rs7043344,0.0831312,9,19253434,ss67533694,C,T,0.3615,0.2555,0.992139738,0.998248687,
rs7098962,0.1017931,10,12359440,ss67539984,C,T,0.2015,0.1426,0.979912664,0.989492119,1.2125
rs12251539,0.3142884,10,12365874,ss66993533,G,T,0.3333,0.4031,1,1,1.1241
rs10906128,0.9398672,10,12369860,ss66909277,C,T,0.6277,0.7798,1,1,1.0145
rs7896794,0.545094,10,12376976,ss67844866,A,C,0.4044,0.5327,1,1,1.0488
rs7099251,0.391406,10,12380998,ss67540035,A,G,0.497,0.2976,1,1,1.1102
rs2997063,0.9885697,10,12389179,ss67287366,C,T,0.8575,0.9522,1,1,1.0035
rs2801499,0.6812717,10,12396009,ss67273828,T,C,0.3859,0.3574,1,1,0.9458
rs7909593,0.8758778,10,12402465,ss67846586,A,C,0.8755,0.6235,1,1,1.057
rs2997068,0.6219878,10,12402700,ss67287367,A,C,0.4636,0.3324,0.998253275,0.998248687,0.9415
rs17151584,0.1294884,10,12403027,ss67179380,A,G,0.5842,0.1941,1,1,0.9231
rs11257754,0.6832795,10,12423106,ss66929697,G,A,0.8997,0.3162,1,0.999124343,1.0455
rs4451621,0.693559,10,12431366,ss67337290,C,T,1,0.4764,0.998253275,1,0.9938
rs11257765,0.8109401,10,12434741,ss66929698,T,C,0.3009,0.1846,0.997379913,1,1.0208
rs4750211,0.290803,10,12435378,ss67369917,C,T,0.8754,0.7084,0.999126638,0.998248687,0.9055
rs4747983,0.1517404,10,12436579,ss67369525,T,C,0.5716,0.8792,0.997379913,0.998248687,
rs10766243,0.9748744,11,15394976,ss67589362,A,G,0.63,0.469,1,1,0.9956
rs7932410,0.2958258,11,15398600,ss67849582,G,A,0.8345,0.015,0.999126638,1,0.9092
rs4500467,0.835132,11,15401143,ss67341100,G,A,1,1,1,1,1.0391
rs4757314,0.8700711,11,15405635,ss67371221,A,G,0.8535,0.4567,1,1,1
rs10832421,0.9569379,11,15406880,ss66903572,A,G,0.9395,0.7606,1,1,0.9792
rs11023563,0.8691214,11,15423129,ss66916107,T,C,0.5896,0.8937,0.981659389,0.980735552,0.9919
rs4757316,0.5418463,11,15432093,ss67371223,A,G,0.9514,0.7627,1,0.999124343,0.9544
rs4237707,0.2243304,11,15444504,ss67319097,A,G,0.1241,0.4413,1,1,1.1806
rs11602776,0.5516994,11,15448703,ss66935083,A,G,1,1,0.999126638,0.99737303,0.9141
rs4757318,0.8546961,11,15449050,ss67371225,G,A,0.5689,0.9496,1,1,1.0402
rs4237709,0.8081868,11,15452246,ss67319099,C,T,0.5271,0.8992,1,0.999124343,1.0507
rs11023571,0.1777573,11,15456467,ss66916108,G,A,0.8967,0.4122,0.999126638,0.999124343,0.9318
rs7114467,0.2751213,11,15457466,ss67542156,G,A,0.5056,0.2719,0.989519651,0.992119089,1.1648
rs4522153,0.074601,11,15460100,ss67342848,T,G,0.7038,0.3243,1,1,0.9343
rs7479920,0.6324058,11,15473587,ss67581493,C,T,0.8041,0.3469,1,1,1.0872
rs4757326,0.6098246,11,15488013,ss67371227,G,A,0.742,0.3926,1,1,1.0884
rs7939403,0.7304152,11,15493638,ss67850484,G,A,0.5311,0.5928,1,1,0.9392
rs260886,0.317188,12,22930567,ss67263406,T,C,0.5331,0.0582,1,0.999124343,0.8785
rs260881,0.9012796,12,22940977,ss67263400,G,A,0.4312,0.8425,1,1,0.9936
rs260879,0.1412847,12,22942368,ss67263399,A,G,0.188,0.4987,1,1,1.0136
rs11046610,0.0246371,12,22944770,ss66917048,C,T,0.4875,0.1815,0.999126638,0.999124343,0.9039
rs10842067,0.2429104,12,22952730,ss66904245,G,A,0.5306,0.3693,0.998253275,0.999124343,0.8424
rs10842068,0.6319591,12,22952744,ss66904246,A,G,0.2073,0.567,0.999126638,1,1.0319
rs2418082,0.4771696,12,22960126,ss67253188,C,T,0.5684,0.404,1,1,1.1155
rs12581238,0.004144,12,22976812,ss67021887,T,C,0.4264,0.0674,0.998253275,0.99737303,1.5013
rs2466889,0.0990975,12,22981260,ss67256047,G,A,0.2347,0.5079,1,1,1.0908
rs17175003,0.4496257,12,22985150,ss67180535,C,T,0.4813,0.5123,0.999126638,0.999124343,1.0729
rs12581592,0.7235232,12,22986826,ss67021923,C,A,0.4379,0.3241,0.998253275,0.999124343,1.0647
rs2433644,0.4400602,12,22987462,ss67254321,A,C,0.7982,0.5295,1,1,0.9748
rs2466966,0.0261435,12,22988848,ss67256054,T,C,0.8089,0.6209,0.973799127,0.980735552,
rs10507523,0.446597,13,44589228,ss66891605,C,A,0.2607,0.4782,1,1,0.9176
rs9595049,0.6467732,13,44593910,ss67934911,G,T,0.2687,0.9028,0.995633188,0.996497373,0.9164
rs7324402,0.6206716,13,44595510,ss67569890,A,C,0.2438,0.8587,0.999126638,0.999124343,0.9287
rs3829397,0.6544323,13,44597058,ss67307494,A,G,0.2833,0.9293,0.998253275,0.999124343,0.9292
rs4942267,0.3302721,13,44602279,ss67402168,C,T,0.4731,0.1931,0.998253275,0.999124343,1.1191
rs7322417,0.6064652,13,44614727,ss67569603,G,A,0.0125,0.239,0.975545852,0.979859895,1.0556
rs7323018,0.9136031,13,44615038,ss67569697,G,A,0.8851,1,1,1,1.0217
rs4942269,0.9077799,13,44619277,ss67402170,C,T,0.7437,1,1,1,1.0495
rs7984030,0.4597632,13,44630419,ss67856242,C,T,0.3969,1,0.997379913,0.998248687,0.9389
rs9533755,0.4591938,13,44632209,ss67927661,G,A,0.3026,1,1,1,0.9383
rs7328408,0.8553099,13,44634988,ss67570364,A,G,0.1986,0.5863,1,1,1.0071
rs7157202,0.7787157,14,59875591,ss67548580,C,T,0.4377,0.3399,0.999126638,0.99474606,0.9477
rs8012458,0.6363861,14,59884586,ss67859864,G,T,0.1361,0.6317,1,1,1.1018
rs1273155,0.874148,14,59888428,ss67036564,A,G,0.8902,0.674,0.998253275,1,1.0223
rs17093317,0.510489,14,59891505,ss67175933,C,T,0.1484,1,1,1,1.0581
rs1271183,0.9526674,14,59891790,ss67035458,C,T,0.7291,0.674,0.999126638,1,1.0189
rs10134316,0.551847,14,59893236,ss66871815,A,C,0.1484,1,0.999126638,1,1.0446
rs1253170,0.358957,14,59893646,ss67016939,T,C,0.95,0.5209,1,1,1.0635
rs1253176,0.7825204,14,59894955,ss67016953,C,T,0.4785,0.2858,0.999126638,0.999124343,1.0203
rs1253177,0.6976061,14,59895043,ss67016957,C,T,1,0.5417,0.999126638,1,0.9165
rs1269949,0.5551427,14,59899890,ss67034342,C,T,0.3643,0.3904,1,1,1.0694
rs2774052,0.7644558,14,59900019,ss67272504,G,A,0.2609,0.3417,1,1,1.0547
rs17096225,0.711973,14,59907551,ss67176227,C,T,0.1063,0.2161,0.999126638,0.999124343,1.0697
rs6573257,0.7822388,14,59910265,ss67474097,A,G,0.3096,0.1567,1,1,1.0213
rs913395,0.4663365,14,59916959,ss67893490,C,T,0.7764,0.6526,1,1,0.897
rs11071537,0.9011942,15,60764075,ss66918573,A,G,1,0.7142,0.981659389,0.982486865,1.0015
rs3743266,0.9248316,15,60781512,ss67298699,T,C,0.9456,0.5379,0.99650655,0.995621716,0.9699
rs2290430,0.7521485,15,60791953,ss67242973,C,A,0.5839,0.3823,0.999126638,1,0.9196
rs12594972,0.7479881,15,60794648,ss67023365,C,T,0.5849,0.3834,1,1,0.9192
rs1869486,0.7864521,15,60794806,ss67201274,G,A,0.924,0.449,0.999126638,1,1.0103
rs17270188,0.8349832,15,60799908,ss67182648,A,G,0.068,0.3464,0.999126638,1,0.956
rs17191442,0.7525713,15,60800144,ss67180930,A,G,0.3294,0.8687,1,1,0.9915
rs1866007,0.0644156,15,60818249,ss67200787,G,A,0.0317,0.2321,0.999126638,1,1.1341
rs10519052,0.8722599,15,60823416,ss66895185,T,C,0.8931,0.2859,1,1,0.9615
rs4594196,0.5142743,15,60827429,ss67348659,C,T,0.298,0.6994,1,1,1.0785
rs3905275,0.0169439,15,60833018,ss67310585,A,C,0.0507,0.0495,1,1,1.1512
rs12599696,0.2981558,16,22025402,ss67023907,A,C,0.2602,0.4524,1,1,1.023
rs12923227,0.828337,16,22059168,ss67046919,A,G,0.3724,0.8776,0.999126638,1,1.0123
rs1017228,0.5389135,16,22063716,ss66874051,T,C,0.2619,0.7393,1,1,1.0392
rs11649675,0.9356686,16,22079557,ss66940753,A,G,0.7949,0.7903,1,1,1.0276
rs10521120,0.2331505,16,22105596,ss66895872,C,T,0.2033,0.4524,1,1,1.0179
rs16972550,0.6677651,16,22116407,ss67162920,A,G,0.7844,0.7742,1,1,1.0496
rs7191766,0.3037531,16,22136144,ss67553715,G,A,0.4545,0.4884,1,1,1.0096
rs6497573,0.3411906,16,22141041,ss67463396,A,G,0,0.0017,0.995633188,0.995621716,0.9363
rs9937453,0.5924142,16,22155628,ss67962043,A,G,0.6838,0.6272,0.998253275,0.999124343,0.9221
rs7193079,0.3981644,16,22159139,ss67553903,T,C,0.0855,1,0.998253275,0.99737303,0.9312
rs6497575,0.2954568,16,22178255,ss67463398,G,A,0.3064,0.2739,1,0.99737303,0.9128
rs2161632,0.7924789,16,22191230,ss67229508,A,G,0.7279,0.7256,1,1,0.9881
rs8059561,0.456278,16,22199723,ss67866504,T,C,0.2575,0.7426,1,0.999124343,0.9556
rs2113143,0.7167791,16,22224860,ss67225389,T,C,0.7242,0.7194,1,1,1.006
rs3760410,0.7509399,17,48471596,ss67300404,T,C,0.4653,0.8077,1,1,1.0449
rs3760407,0.4713267,17,48472269,ss67300403,C,T,0.1102,0.2441,0.998253275,0.998248687,0.8774
rs1015562,0.8391406,17,48483282,ss66873119,G,A,0.4683,0.689,0.99650655,0.999124343,1.0157
rs16949053,0.4273743,17,48489439,ss67160300,C,T,0.0501,0.0372,0.999126638,1,1.1037
rs7211667,0.8214498,17,48489603,ss67556544,C,T,0.554,0.6889,0.999126638,1,1.0277
rs9903959,0.8321191,17,48501656,ss67958447,G,A,0.2147,0.3749,1,1,1.0557
rs11653892,0.0425577,17,48510879,ss66941285,A,G,0.4762,1,1,1,1.3391
rs2428684,0.3278587,17,48512133,ss67254005,T,G,0.0329,0.6287,0.999126638,1,0.8571
rs8070068,0.7311837,17,48521202,ss67867912,G,A,0.4938,0.5287,1,1,1.058
rs4389179,0.7529718,17,48528150,ss67332126,C,T,0.4933,0.6252,1,1,1.0619
rs1562004,0.5574024,18,47806091,ss67134673,G,A,0.2375,0.0706,0.999126638,1,0.9752
rs2276366,0.6272495,18,47811304,ss67240646,T,G,0.751,0.9193,1,1,0.9191
rs3753067,0.2895015,18,47813834,ss67299742,C,T,1,0.4137,1,0.999124343,1.2013
rs9961704,0.9283437,18,47818687,ss67964785,C,T,0.2977,0.5326,1,1,0.9755
rs1893471,0.9411575,18,47819464,ss67204502,C,A,1,0.8056,0.998253275,0.99737303,1.0251
rs17660888,0.9475031,18,47833404,ss67190961,C,T,0.4911,0.8014,1,1,1
rs9304395,0.8340774,18,47835783,ss67901664,G,T,0.9523,0.6306,1,0.998248687,1.0583
rs4939627,0.9240595,18,47840705,ss67401594,T,C,0.3601,0.1603,1,1,1.034
rs1036935,0.5548699,18,47843533,ss66881326,G,A,0.6058,0.3914,1,1,1.0524
rs4939964,0.6017994,18,47843753,ss67401690,A,G,0.6078,0.4401,0.9930131,0.996497373,1.0556
rs9957722,0.9447941,18,47846999,ss67964285,C,T,0.0976,0.178,0.992139738,0.99474606,0.9723
rs10853593,0.8476434,18,47849040,ss66905267,T,C,0.189,0.6467,0.992139738,0.99474606,0.9511
rs1561698,0.8263227,18,47859325,ss67134585,T,C,0.6606,0.1867,1,1,1.0431
rs2082455,0.2377173,19,30007634,ss67223489,T,C,0.2468,0.6813,1,0.999124343,1.0852
rs7250772,0.697138,19,30024772,ss67561914,G,A,0.4244,0.941,0.997379913,0.995621716,0.9947
rs1368456,0.9393377,19,30030577,ss67087833,G,A,0.3752,0.7223,1,1,0.9717
rs892071,0.6873225,19,30037080,ss67889038,G,A,0.3948,0.7626,0.999126638,1,0.9255
rs734837,0.1805546,19,30041025,ss67572317,A,C,0.1082,0.509,0.999126638,0.998248687,1.1948
rs730427,0.0400017,19,30041552,ss67567029,A,G,0.2495,0.1507,1,1,1.0471
rs10416935,0.804668,19,30050565,ss66882354,T,G,0.9062,0.6303,1,0.999124343,0.9924
rs8106649,0.5707385,19,30056334,ss67872592,G,A,0.289,0.3097,1,1,1.0725
rs12460278,0.2002177,19,30058809,ss67009265,T,C,0.6142,0.4468,1,0.999124343,0.9721
rs16963005,0.9665835,19,30064954,ss67161866,A,G,0.0625,0.0979,1,1,1.0126
rs2288898,0.7219012,19,30067524,ss67242711,A,G,0.0448,0.1776,1,1,1.0217
rs2288897,0.7219012,19,30067605,ss67242710,A,G,0.0448,0.1776,1,1,1.0217
rs6028484,0.4058486,20,38156051,ss67435733,T,C,0.8576,0.5515,1,1,0.9914
rs6101598,0.6082045,20,38158225,ss67443563,A,G,0.7536,0.3485,1,1,1.0383
rs6028491,0.7258283,20,38160373,ss67435735,G,A,0.6055,0.1735,0.998253275,1,1.0578
rs6028492,0.5256088,20,38160747,ss67435737,A,C,0.6333,0.0823,1,0.998248687,1.0999
rs6093197,0.4452377,20,38165504,ss67442906,T,G,0.3042,1,0.999126638,0.999124343,1.151
rs4812398,0.345481,20,38166900,ss67381090,A,G,0.7212,0.0636,0.999126638,0.999124343,1.1503
rs6129359,0.7517943,20,38168976,ss67445878,G,A,1,0.6338,1,1,1.0827
rs2024791,0.1865251,20,38180823,ss67216220,C,T,0.3782,0.1744,1,0.998248687,0.9454
rs6028507,0.6809881,20,38181660,ss67435741,T,C,0.9175,1,1,1,1.0841
rs4812401,0.2781664,20,38183826,ss67381092,G,A,0.3952,0.2553,1,1,1.1382
rs10485657,0.984796,20,38206882,ss66885701,G,A,0.8853,0.6618,1,1,1.0168
rs1735378,0.5398295,21,22320875,ss67184553,C,T,0.7428,0.4622,0.999126638,1,0.9979
rs1783280,0.1496583,21,22322127,ss67195734,G,T,0.9268,0.7356,0.9930131,0.99474606,0.8801
rs2826620,0.6514243,21,22323965,ss67275994,C,T,0.6292,0.5415,0.999126638,0.999124343,1.0438
rs2826621,0.9236217,21,22325821,ss67275995,G,A,0.7917,0.6907,0.973799127,0.981611208,1.0145
rs1735372,0.4242147,21,22329861,ss67184550,C,T,0.6701,0.362,0.995633188,0.99474606,0.895
rs2826622,0.433894,21,22334138,ss67275996,G,A,0.791,0.3165,0.986899563,0.992119089,0.8874
rs10482915,0.5492872,21,22335507,ss66884909,G,A,1,0.4979,0.999126638,0.999124343,1.1428
rs1735375,0.2791202,21,22340572,ss67184552,A,C,0.5596,0.1421,0.976419214,0.980735552,0.8871
rs2826626,0.3370773,21,22341329,ss67275997,C,A,0.3453,0.401,0.9930131,0.995621716,1.1141
rs2826629,0.2671786,21,22344015,ss67275998,T,C,0.4481,0.6054,0.99650655,0.99737303,1.0193
rs7275484,0.5503606,21,22348114,ss67564003,A,G,0.8665,0.2212,0.999126638,1,0.9865
rs2826638,0.7091632,21,22349422,ss67275999,T,C,0.5619,0.6605,0.998253275,0.996497373,0.964
rs2826640,0.2933458,21,22355115,ss67276000,T,G,0.6829,0.255,0.993886463,0.998248687,
