SNP ID,P-value,Chr ID,Chr Position,Allele1,Allele2,pHWE (case),pHWE (control),Call rate (case),Call rate (control),Odds ratio,CI low,CI high
rs6549198,0.4059157,3,69362958,A,G,0.6186,0.8746,0.999126638,0.99737303,0.9217,0.7747,1.0966
rs13066342,0.3738323,3,69369295,C,A,0.894,0.2215,0.983406114,0.991243433,1.134,0.951,1.3523
rs12152436,0.2996095,3,69370395,C,T,0.5629,0.791,1,1,1.0543,0.8846,1.2566
rs6549200,0.5715863,3,69373073,T,G,1,1,1,1,0.8855,0.7038,1.1141
rs4855388,0.5675418,3,69375654,C,T,0.7863,0.6156,1,1,0.9114,0.7479,1.1107
rs2170800,0.6282709,3,69383012,A,G,0.3954,0.6674,1,1,1.038,0.8644,1.2463
rs9820308,0.5007564,3,69383810,T,G,1,0.9,1,0.999124343,0.9119,0.7484,1.111
rs4428187,0.9449147,3,69401247,A,G,0.9485,0.746,0.999126638,1,0.9838,0.8252,1.173
rs17350402,0.5233088,3,69401497,A,G,0.8226,0.2588,1,0.999124343,0.9563,0.7933,1.1527
rs767285,0.7148279,3,69402085,A,G,0.9503,0.4876,0.998253275,1,1.0754,0.8989,1.2864
rs1843050,0.6488192,3,69403917,C,T,1,0.9406,1,0.999124343,0.9455,0.7952,1.1242
rs2008239,0.4540903,3,69406468,G,A,0.8501,1,1,1,0.8687,0.6963,1.0839
rs881031,0.4883628,3,69406855,G,A,0.6003,0.0663,1,1,0.9973,0.8308,1.1972
rs6549208,0.9444325,3,69412133,T,G,0.8168,0.9392,0.99650655,0.999124343,0.9794,0.8236,1.1647
rs17005675,0.5034992,3,69413673,A,G,0.9082,0.0868,0.999126638,1,0.93,0.7713,1.1214
rs17005687,0.4804638,3,69413991,C,T,0.9082,0.0694,0.99650655,0.99737303,0.927,0.7688,1.1178
rs4855394,0.5825911,3,69418611,A,G,1,0.1683,0.9930131,0.990367776,0.9306,0.7708,1.1235
rs7635662,0.4742306,3,69421494,T,C,0.7653,0.1515,0.999126638,1,0.9094,0.7522,1.0996
rs9985338,0.3906471,3,69422341,T,C,0.42,1,0.99650655,0.993870403,0.939,0.7843,1.1243
rs9985329,0.3706606,3,69422395,A,G,0.0597,1,0.999126638,1,1.0644,0.8741,1.2962
rs2200247,0.6927875,3,69430006,T,C,0.4941,0.2149,1,0.999124343,1.0152,0.8547,1.2058
rs7610842,0.4850159,3,69430609,G,T,0.4581,0.7596,0.999126638,0.998248687,0.9818,0.8175,1.1791
rs6783676,0.4463799,3,69436268,G,A,0.9054,0.1078,0.999126638,1,1.1257,0.9288,1.3644
rs981054,0.6745403,3,69437170,A,C,0.2659,0.6093,1,1,1.036,0.8513,1.2607
rs17353064,0.9453747,3,69450647,C,T,0.7964,0.7939,0.987772926,0.990367776,1.0164,0.8339,1.2389
rs11128129,0.5097219,3,69454009,C,T,0.7009,0.5136,0.999126638,1,1.088,0.912,1.298
rs4855311,0.9332405,3,69456913,A,G,0.2208,0.3732,1,1,0.9983,0.8384,1.1888
rs9846189,0.9316534,3,69459392,A,G,0.2216,0.4122,1,0.999124343,0.9921,0.8332,1.1813
rs7616625,0.5313994,3,69462295,G,T,0.4854,0.4378,0.999126638,0.999124343,1.0765,0.9016,1.2852
rs4855312,0.9343052,3,69463210,T,C,0.2216,0.3371,1,0.998248687,1.0069,0.8455,1.1992
rs4855403,0.9716196,3,69463559,T,C,0.2496,0.3064,1,0.999124343,1.0043,0.8434,1.1961
rs12492375,0.4922229,3,69474501,C,T,0.9444,0.4121,1,1,0.9829,0.8263,1.1692
rs7625432,0.9369934,3,69477219,C,T,0.4157,0.6823,0.993886463,0.995621716,0.9965,0.8367,1.1869
rs9831196,0.8068733,3,69481037,T,C,0.1988,0.6847,1,1,0.9612,0.8072,1.1446
rs4855405,0.6189329,3,69482756,C,T,0.7051,0.4051,1,1,1.0831,0.9068,1.2936
rs6795389,0.8964807,3,69483945,A,G,0.2504,0.6358,1,1,0.9675,0.8125,1.152
rs6762603,0.4916433,3,69490080,G,A,0.7804,0.4115,1,0.998248687,0.9948,0.8363,1.1833
rs4303865,0.6018082,3,69500830,T,C,0.1312,0.8913,1,1,0.9323,0.7832,1.1097
rs4855407,0.6276475,3,69501852,C,A,0.6192,0.4128,0.999126638,1,1.0763,0.8997,1.2876
rs17005917,0.45332,3,69502747,C,T,0.9444,0.2168,1,0.999124343,1.0125,0.8511,1.2046
rs9843168,0.0075464,3,69513197,C,T,0.0869,0.1126,1,1,1.3132,1.1047,1.5611
rs1001498,0.2701598,3,69516319,T,C,0.2075,1,1,0.998248687,0.987,0.8164,1.1933
rs1498839,0.99211,3,69516936,T,C,0.8817,0.9408,1,1,1.0046,0.8452,1.194
rs6792118,0.2077942,3,69518012,A,C,0.0576,0.9057,1,1,1.0562,0.8681,1.2852
rs10510980,0.7036112,3,69520887,C,T,0.5042,0.9134,0.997379913,0.999124343,0.9277,0.7695,1.1183
rs1498835,0.2561246,3,69522161,G,A,0.1083,0.7215,0.993886463,0.992119089,1.0623,0.8723,1.2937
rs9869412,0.7485186,3,69523978,C,T,0.5148,0.4573,1,1,0.9375,0.7702,1.1412
rs13089266,0.1410417,3,69524159,C,T,0.3421,0.7119,1,1,1.1946,1.0012,1.4254
rs10510979,0.1731753,3,69531182,C,T,0.3167,0.4756,0.999126638,1,0.8199,0.6532,1.0292
rs9310159,0.8500168,3,69531498,G,A,0.8935,0.6054,1,1,0.9671,0.7933,1.179
rs6549225,0.3819821,3,69531863,C,T,0.7599,0.4197,1,1,1.1331,0.945,1.3585
rs7652880,0.5936608,3,69532819,T,C,0.8249,0.9166,1,1,0.9127,0.7581,1.0989
rs7647186,0.5738208,3,69540494,C,T,0.2476,0.4989,0.998253275,0.999124343,1.0859,0.9039,1.3046
rs9809725,0.7725572,3,69541798,T,C,0.7659,0.5501,1,1,1.0721,0.8866,1.2964
rs17006013,0.3946732,3,69542992,C,T,0.0479,0.7677,0.999126638,1,1.0282,0.8385,1.2609
rs1995177,0.7489929,3,69546845,C,T,0.9391,0.8808,0.998253275,0.998248687,0.939,0.7897,1.1165
rs1995178,0.9979678,3,69547172,C,T,0.8593,0.7227,1,1,1.0048,0.8221,1.2282
rs1391772,0.6055118,3,69553899,T,C,0.3462,0.6365,1,1,1.0766,0.9047,1.2812
rs904419,0.9705206,3,69557770,G,A,0.9059,0.7672,1,0.999124343,1.0214,0.8356,1.2485
rs4318558,0.9832487,3,69558621,T,C,0.9529,0.813,1,1,1.0162,0.8313,1.2421
rs6774608,0.7832439,3,69566910,T,C,0.932,0.3408,0.999126638,1,1.0622,0.8906,1.267
rs1391769,0.4549358,3,69573401,C,T,0.5718,0.2271,1,0.999124343,1.0984,0.9236,1.3063
rs1498841,0.3297206,3,69580685,C,T,0.054,0.9269,1,1,1.0803,0.9056,1.2886
rs6796079,0.9490279,3,69583129,T,C,1,1,1,0.999124343,0.9833,0.7721,1.2523
rs6798211,0.3474619,3,69588294,C,T,1,0.1852,1,1,1.1483,0.9527,1.3841
rs6549238,0.4598225,3,69597147,C,A,0.3729,0.5104,0.999126638,0.999124343,1.0603,0.8759,1.2836
rs1126301,0.7627881,3,69597699,C,T,0.7868,0.1939,1,1,1.0646,0.8943,1.2674
rs12633166,0.7227211,3,69599092,A,C,0.5021,0.0631,1,1,1.0599,0.8882,1.2647
rs10510984,0.3366532,3,69600025,C,T,0.292,1,1,1,0.8385,0.6632,1.0601
rs4855413,0.6453279,3,69600853,T,C,0.5797,1,0.998253275,1,0.9212,0.7741,1.0963
rs7653611,0.8512348,3,69600986,G,A,0.5417,0.7526,0.998253275,0.99737303,1.06,0.8603,1.3062
rs995829,0.3350707,3,69601479,A,G,0.2382,0.6186,1,1,1.0761,0.9034,1.2819
rs7653574,0.9364385,3,69607471,C,T,1,0.6169,1,1,1.0285,0.8597,1.2304
rs1498853,0.4919627,3,69609106,T,C,0.2772,0.6994,1,1,0.9326,0.7813,1.1133
rs6774198,0.5554362,3,69616384,C,T,0.0631,0.5297,0.997379913,0.999124343,0.8981,0.7357,1.0963
rs904418,0.5158187,3,69616813,T,C,0.0244,0.6131,1,0.999124343,0.9299,0.7724,1.1195
rs2648008,0.5034233,3,69619271,T,C,1,0.1356,1,0.999124343,1.0958,0.8509,1.4111
rs7647307,0.9682223,3,69623187,G,T,0.8592,0.6782,1,0.998248687,0.9879,0.8103,1.2045
rs288503,0.4809538,3,69629102,T,C,0.3954,0.584,1,0.998248687,0.907,0.754,1.0911
rs288496,0.5559338,3,69632048,G,A,0.2232,0.8975,0.998253275,0.996497373,0.9325,0.7809,1.1136
rs7623679,0.7100796,3,69640801,G,T,0.1395,0.7834,0.96069869,0.975481611,0.9552,0.7966,1.1454
rs1427436,0.810365,3,69655609,G,T,0.4965,0.1967,1,0.999124343,1.0264,0.8582,1.2277
rs746947,0.5545394,3,69656568,G,A,0.2109,0.8111,0.991266376,0.992119089,1.1083,0.9124,1.3462
rs1346336,0.2227263,3,69661408,T,C,0.6395,0.0326,1,1,1.1047,0.9271,1.3162
rs10510985,0.3114745,3,69663870,T,C,0.3127,0.2587,1,1,1.1268,0.9281,1.368
rs6773506,0.3414981,3,69667119,A,C,0.3133,0.2595,1,1,1.1234,0.9249,1.3646
rs13097605,0.1520915,3,69668384,C,T,0.8261,0.0083,0.998253275,0.993870403,1.1261,0.9457,1.3409
rs4855317,0.2806024,3,69688450,G,T,0.6538,0.0546,1,0.999124343,1.1083,0.9282,1.3234
rs1023653,0.3567976,3,69691953,C,T,0.7243,0.0934,1,0.999124343,1.0584,0.8895,1.2593
rs7619198,0.6621628,3,69696133,T,C,0.9387,0.6362,1,0.999124343,1.0309,0.8673,1.2254
rs6549245,0.6624552,3,69705615,T,C,0.4938,0.9445,1,1,1.0829,0.9109,1.2874
rs13090187,0.8239672,3,69707584,C,T,0.4785,0.2942,1,1,0.9786,0.8226,1.1641
rs10510990,0.921284,3,69714390,G,T,0.0808,0.1874,1,1,0.993,0.8294,1.1889
rs2872939,0.6356818,3,69719501,C,T,0.3193,0.9505,0.999126638,0.999124343,0.9193,0.7676,1.1009
rs733217,0.774943,3,69720667,C,T,0.4403,0.9527,0.999126638,1,1.0086,0.8297,1.2261
rs12631428,0.6442106,3,69723216,G,A,0.7877,0.1052,0.999126638,0.999124343,1.0694,0.898,1.2735
rs11128137,0.7356341,3,69733321,T,C,0.7236,0.7171,0.999126638,0.996497373,1.0732,0.8993,1.2807
rs9682528,0.3483088,3,69734209,G,A,0.0807,0.9121,1,0.998248687,0.9456,0.7834,1.1414
rs4855435,0.1888437,3,69740156,G,A,0.0495,0.7527,1,1,0.99,0.8014,1.2231
rs6549246,0.9381244,3,69749121,C,T,0.4829,0.3372,1,1,1.0041,0.8416,1.198
rs6549249,0.6646701,3,69749631,A,G,0.4403,0.475,1,0.999124343,1.0584,0.8866,1.2636
rs9284823,0.6898814,3,69755742,A,G,0.1873,0.5272,1,1,0.9779,0.8139,1.175
rs12489717,0.9129044,3,69757704,T,C,0.9221,0.4359,1,1,1.0183,0.8497,1.2204
rs12491686,0.1934368,3,69760189,A,G,0.7671,0.0573,0.997379913,0.999124343,0.9101,0.7477,1.1076
rs9869666,0.8660343,3,69761999,G,A,0.9166,0.7475,1,1,1.0512,0.874,1.2644
rs7617168,0.6277186,3,69763730,G,A,1,0.2398,0.997379913,0.999124343,0.9717,0.8175,1.1551
rs12495421,0.9008279,3,69766927,G,T,0.9176,0.7523,1,1,1.0434,0.8684,1.2537
rs4855446,0.0974636,3,69768995,A,G,0.2542,0.1802,1,0.999124343,1.0069,0.8326,1.2178
rs1946427,0.1123116,3,69769328,G,A,0.0203,0.7448,1,0.999124343,0.9674,0.7811,1.1981
rs7641148,0.5725286,3,69776723,G,A,0.0705,0.3756,1,1,0.9818,0.8265,1.1664
rs990922,0.700617,3,69778438,G,A,0.0545,0.3439,0.965065502,0.968476357,1.0067,0.8458,1.1982
rs12632773,0.9865113,3,69782596,T,G,0.8613,0.8575,1,0.999124343,1.0188,0.8164,1.2713
rs6794315,0.8868054,3,69783566,T,C,0.6786,0.8127,0.999126638,1,1.0163,0.8342,1.2383
rs13073599,0.6658041,3,69808637,A,G,0.4742,0.4758,0.99650655,0.999124343,0.9442,0.7789,1.1447
rs7648607,0.2850305,3,69836935,C,A,0.0642,0.0042,0.999126638,1,0.8731,0.7274,1.0479
rs12637754,0.265653,3,69840864,A,G,0.8838,0.1811,0.999126638,1,0.8518,0.6968,1.0412
rs7647683,0.4528891,3,69857064,T,G,0.843,0.1028,0.9930131,0.988616462,0.894,0.7499,1.0657
rs1430604,0.1042728,3,69876318,G,T,0.863,0.1115,1,1,1.2124,1.0141,1.4494
rs6805563,0.8325286,3,69879322,G,A,0.6749,0.2553,0.999126638,1,1.0144,0.8401,1.2247
rs1367370,0.1282419,3,69887655,A,G,0.6629,0.13,1,1,1.1982,1.0016,1.4334
rs7623486,0.1232341,3,69909093,A,G,0.7748,0.2983,1,1,1.2099,1.008,1.4523
rs2320172,0.917717,3,69916636,T,G,1,1,0.99650655,0.999124343,0.9691,0.7612,1.2338
rs7430957,0.4933124,3,69978465,A,G,0.519,0.8469,1,1,1.1141,0.9322,1.3316
rs7623610,0.2912929,3,70005280,A,G,0.4744,0.2857,1,1,0.9011,0.7419,1.0945
rs3821364,0.4337843,3,70011420,T,C,0.1907,0.473,1,0.999124343,1.1147,0.9384,1.3242
rs4855453,0.373279,3,70023666,T,C,0.2174,0.4681,1,0.999124343,1.12,0.9428,1.3307
rs9310179,0.8305187,3,70039780,A,G,0.2338,0.5902,1,0.999124343,1.0606,0.8769,1.2828
